<?xml version="1.0" encoding="UTF-8"?>
<!--
 This is a WordPress eXtended RSS file generated by WordPress as an export of your site.
 It contains information about your site's posts, pages, comments, categories, and other content.
 You may use this file to transfer that content from one site to another.
 This file is not intended to serve as a complete backup of your site.

 To import this information into a WordPress site follow these steps:
 1. Log in to that site as an administrator.
 2. Go to Tools: Import in the WordPress admin panel.
 3. Install the "WordPress" importer from the list.
 4. Activate & Run Importer.
 5. Upload this file using the form provided on that page.
 6. You will first be asked to map the authors in this export file to users
    on the site. For each author, you may choose to map to an
    existing user on the site or to create a new user.
 7. WordPress will then import each of the posts, pages, comments, categories, etc.
    contained in this file into your site.
-->
<!-- generator="WordPress.com" created="2025-02-10 16:51"-->
<rss version="2.0" xmlns:excerpt="http://wordpress.org/export/1.2/excerpt/" xmlns:content="http://purl.org/rss/1.0/modules/content/" xmlns:wfw="http://wellformedweb.org/CommentAPI/" xmlns:dc="http://purl.org/dc/elements/1.1/" xmlns:wp="http://wordpress.org/export/1.2/">
  <channel>
<title>Josue Gualotuña</title>
<link>https://josuegualotuna7.wordpress.com</link>
<description>Especialista en Marketing Digital</description>
<pubDate>Mon, 10 Feb 2025 16:51:11 +0000</pubDate>
<language>es</language>
<wp:wxr_version>1.2</wp:wxr_version>
<wp:base_site_url>http://wordpress.com/</wp:base_site_url>
<wp:base_blog_url>https://josuegualotuna7.wordpress.com</wp:base_blog_url>
<wp:author>
  <wp:author_id>260803554</wp:author_id>
  <wp:author_login>20020116j69</wp:author_login>
  <wp:author_email>20020116j69@gmail.com</wp:author_email>
  <wp:author_display_name><![CDATA[Josué Gualotuña]]></wp:author_display_name>
  <wp:author_first_name><![CDATA[Josué]]></wp:author_first_name>
  <wp:author_last_name><![CDATA[Gualotuña]]></wp:author_last_name>
</wp:author>
<wp:category>
  <wp:term_id>1</wp:term_id>
  <wp:category_nicename>uncategorized</wp:category_nicename>
  <wp:category_parent/>
  <wp:cat_name><![CDATA[Uncategorized]]></wp:cat_name>
</wp:category>
<generator>http://wordpress.com/</generator>

<image>
	<url>https://josuegualotuna7.wordpress.com/wp-content/uploads/2025/01/logos_5ta._estrella_i.png?w=32</url>
	<title>Josue Gualotuña</title>
	<link>https://josuegualotuna7.wordpress.com</link>
	<width>32</width>
	<height>32</height>
</image> 
<item>
  <title><![CDATA[Sobre mí]]></title>
  <link>https://josuegualotuna7.wordpress.com/about/</link>
  <pubDate>Mon, 27 Jan 2025 16:08:53 +0000</pubDate>
  <dc:creator>20020116j69</dc:creator>
  <guid isPermaLink="false">http://josuegualotuna7.wordpress.com/?page_id=1</guid>
  <description/>
  <content:encoded><![CDATA[<!-- wp:group {"layout":{"type":"flex","flexWrap":"nowrap"}} -->
<div class="wp-block-group"><!-- wp:image {"id":38,"width":"287px","height":"auto","sizeSlug":"large","linkDestination":"none"} -->
<figure class="wp-block-image size-large is-resized"><img src="https://josuegualotuna7.wordpress.com/wp-content/uploads/2025/02/jg.png?w=769" alt="" class="wp-image-38" style="width:287px;height:auto" /></figure>
<!-- /wp:image -->

<!-- wp:paragraph -->
<p>Me caracterizo por acoplarme fácilmente en un nuevo entorno laboral, me agrada trabajar con estilo, siempre busco aprender algo nuevo.</p>
<!-- /wp:paragraph --></div>
<!-- /wp:group -->

<!-- wp:columns -->
<div class="wp-block-columns"><!-- wp:column -->
<div class="wp-block-column"><!-- wp:details -->
<details class="wp-block-details"><summary>Educación</summary><!-- wp:list -->
<ul class="wp-block-list"><!-- wp:list-item -->
<li>Instituto Tecnológico Universitario Cordillera</li>
<!-- /wp:list-item --></ul>
<!-- /wp:list -->

<!-- wp:list -->
<ul class="wp-block-list"><!-- wp:list-item -->
<li>Colegio Nacional Eloy Alfaro</li>
<!-- /wp:list-item --></ul>
<!-- /wp:list -->

<!-- wp:paragraph {"placeholder":"Teclea / para añadir un bloque oculto"} -->
<p></p>
<!-- /wp:paragraph --></details>
<!-- /wp:details --></div>
<!-- /wp:column -->

<!-- wp:column -->
<div class="wp-block-column"><!-- wp:details -->
<details class="wp-block-details"><summary>Habilidades</summary><!-- wp:list -->
<ul class="wp-block-list"><!-- wp:list-item -->
<li></li>
<!-- /wp:list-item --></ul>
<!-- /wp:list -->

<!-- wp:paragraph {"placeholder":"Teclea / para añadir un bloque oculto"} -->
<p></p>
<!-- /wp:paragraph --></details>
<!-- /wp:details --></div>
<!-- /wp:column -->

<!-- wp:column -->
<div class="wp-block-column"><!-- wp:details -->
<details class="wp-block-details"><summary>Certificaciones</summary><!-- wp:list -->
<ul class="wp-block-list"><!-- wp:list-item -->
<li></li>
<!-- /wp:list-item --></ul>
<!-- /wp:list -->

<!-- wp:paragraph {"placeholder":"Teclea / para añadir un bloque oculto"} -->
<p></p>
<!-- /wp:paragraph --></details>
<!-- /wp:details --></div>
<!-- /wp:column --></div>
<!-- /wp:columns -->

<!-- wp:table -->
<figure class="wp-block-table"><table class="has-fixed-layout"><tbody><tr><td></td><td></td><td></td></tr><tr><td></td><td></td><td></td></tr><tr><td></td><td></td><td></td></tr></tbody></table></figure>
<!-- /wp:table -->]]></content:encoded>
  <excerpt:encoded><![CDATA[]]></excerpt:encoded>
  <wp:post_id>1</wp:post_id>
  <wp:post_date>2025-01-27 16:08:53</wp:post_date>
  <wp:post_date_gmt>2025-01-27 16:08:53</wp:post_date_gmt>
  <wp:post_modified>2025-02-10 11:11:19</wp:post_modified>
  <wp:post_modified_gmt>2025-02-10 16:11:19</wp:post_modified_gmt>
  <wp:comment_status>closed</wp:comment_status>
  <wp:ping_status>open</wp:ping_status>
  <wp:post_name>about</wp:post_name>
  <wp:status>publish</wp:status>
  <wp:post_parent>0</wp:post_parent>
  <wp:menu_order>0</wp:menu_order>
  <wp:post_type>page</wp:post_type>
  <wp:post_password/>
  <wp:is_sticky>0</wp:is_sticky>
  <wp:postmeta>
    <wp:meta_key>_wp_page_template</wp:meta_key>
    <wp:meta_value><![CDATA[default]]></wp:meta_value>
  </wp:postmeta>
  <wp:postmeta>
    <wp:meta_key>_elasticsearch_data_sharing_indexed_on</wp:meta_key>
    <wp:meta_value><![CDATA[2025-01-27 16:08:55]]></wp:meta_value>
  </wp:postmeta>
  <wp:postmeta>
    <wp:meta_key>_g_feedback_shortcode_87911d1aed509877b83a48ec536f768cdcd22df1</wp:meta_key>
    <wp:meta_value><![CDATA[
				[contact-field label="Nombre" type="name"  required="true" /]
				[contact-field label="Correo electrónico" type="email" required="true" /]
				[contact-field label="Web" type="url" /]
				[contact-field label="Mensaje" type="textarea" /]]]></wp:meta_value>
  </wp:postmeta>
  <wp:postmeta>
    <wp:meta_key>_g_feedback_shortcode_atts_87911d1aed509877b83a48ec536f768cdcd22df1</wp:meta_key>
    <wp:meta_value><![CDATA[a:17:{s:2:"to";s:21:"20020116j69@gmail.com";s:7:"subject";s:24:"[Josue Gualotuña] About";s:12:"show_subject";s:2:"no";s:6:"widget";i:0;s:14:"block_template";N;s:19:"block_template_part";N;s:2:"id";i:1;s:18:"submit_button_text";s:6:"Enviar";s:14:"customThankyou";s:0:"";s:21:"customThankyouHeading";s:24:"Se ha enviado tu mensaje";s:21:"customThankyouMessage";s:24:"¡Gracias por tu envío!";s:22:"customThankyouRedirect";s:0:"";s:10:"jetpackCRM";b:1;s:9:"className";N;s:9:"postToUrl";N;s:14:"salesforceData";N;s:12:"hiddenFields";N;}]]></wp:meta_value>
  </wp:postmeta>
  <wp:postmeta>
    <wp:meta_key>_last_editor_used_jetpack</wp:meta_key>
    <wp:meta_value><![CDATA[block-editor]]></wp:meta_value>
  </wp:postmeta>
</item>
<item>
  <title><![CDATA[El arte de la conexión]]></title>
  <link>https://josuegualotuna7.wordpress.com/2025/01/27/el-arte-de-la-conexion/</link>
  <pubDate>Mon, 27 Jan 2025 16:04:02 +0000</pubDate>
  <dc:creator>20020116j69</dc:creator>
  <guid isPermaLink="false">https://josuegualotuna7.wordpress.com/2025/01/27/el-arte-de-la-conexion/</guid>
  <description/>
  <content:encoded><![CDATA[<!-- wp:paragraph -->
<p>Te damos la bienvenida a WordPress. Esta es una entrada de ejemplo. Empieza tu andadura en el mundo bloguero editándola o borrándola. Para añadir más contenido aquí, haz clic en el pequeño icono del signo más situado en la esquina superior izquierda. Allí encontrarás una selección de bloques y patrones de WordPress que se adaptan a todas tus necesidades de creación de contenidos. Y no te olvides de echar un vistazo a la vista de lista: haz clic en el icono que hay unos puntos a la derecha del icono del signo más y obtendrás una lista ordenada y fácil de ver de los bloques y patrones de tu entrada.</p>
<!-- /wp:paragraph -->]]></content:encoded>
  <excerpt:encoded><![CDATA[En un mundo en constante evolución, el arte de forjar conexiones genuinas sigue siendo atemporal. Ya sea con compañeros, clientes o socios, establecer una relación auténtica allana el camino hacia el éxito de la colaboración.]]></excerpt:encoded>
  <wp:post_id>4</wp:post_id>
  <wp:post_date>2025-01-27 11:04:02</wp:post_date>
  <wp:post_date_gmt>2025-01-27 16:04:02</wp:post_date_gmt>
  <wp:post_modified>2025-01-27 11:04:02</wp:post_modified>
  <wp:post_modified_gmt>2025-01-27 16:04:02</wp:post_modified_gmt>
  <wp:comment_status>closed</wp:comment_status>
  <wp:ping_status>closed</wp:ping_status>
  <wp:post_name>el-arte-de-la-conexion</wp:post_name>
  <wp:status>publish</wp:status>
  <wp:post_parent>0</wp:post_parent>
  <wp:menu_order>0</wp:menu_order>
  <wp:post_type>post</wp:post_type>
  <wp:post_password/>
  <wp:is_sticky>0</wp:is_sticky>
  <category domain="category" nicename="uncategorized"><![CDATA[Uncategorized]]></category>
  <wp:postmeta>
    <wp:meta_key>_wpas_skip_all_services</wp:meta_key>
    <wp:meta_value><![CDATA[1]]></wp:meta_value>
  </wp:postmeta>
  <wp:postmeta>
    <wp:meta_key>_hs_old_id</wp:meta_key>
    <wp:meta_value><![CDATA[]]></wp:meta_value>
  </wp:postmeta>
  <wp:postmeta>
    <wp:meta_key>_starter_page_template</wp:meta_key>
    <wp:meta_value><![CDATA[]]></wp:meta_value>
  </wp:postmeta>
  <wp:postmeta>
    <wp:meta_key>switch_like_status</wp:meta_key>
    <wp:meta_value><![CDATA[a:1:{i:0;N;}]]></wp:meta_value>
  </wp:postmeta>
  <wp:postmeta>
    <wp:meta_key>sharing_disabled</wp:meta_key>
    <wp:meta_value><![CDATA[a:1:{i:0;N;}]]></wp:meta_value>
  </wp:postmeta>
  <wp:postmeta>
    <wp:meta_key>_headstart_post</wp:meta_key>
    <wp:meta_value><![CDATA[_hs_extra]]></wp:meta_value>
  </wp:postmeta>
  <wp:postmeta>
    <wp:meta_key>_publicize_pending</wp:meta_key>
    <wp:meta_value><![CDATA[1]]></wp:meta_value>
  </wp:postmeta>
  <wp:postmeta>
    <wp:meta_key>_thumbnail_id</wp:meta_key>
    <wp:meta_value><![CDATA[10]]></wp:meta_value>
  </wp:postmeta>
  <wp:postmeta>
    <wp:meta_key>_elasticsearch_data_sharing_indexed_on</wp:meta_key>
    <wp:meta_value><![CDATA[2025-01-27 16:09:12]]></wp:meta_value>
  </wp:postmeta>
</item>
<item>
  <title><![CDATA[Custom Styles]]></title>
  <link>https://josuegualotuna7.wordpress.com/2025/01/27/wp-global-styles-pub%2ffewer/</link>
  <pubDate>Mon, 27 Jan 2025 16:08:58 +0000</pubDate>
  <dc:creator>20020116j69</dc:creator>
  <guid isPermaLink="false">https://josuegualotuna7.wordpress.com/2025/01/27/wp-global-styles-pub%2ffewer/</guid>
  <description/>
  <content:encoded><![CDATA[{"version":3,"isGlobalStylesUserThemeJSON":true}]]></content:encoded>
  <excerpt:encoded><![CDATA[]]></excerpt:encoded>
  <wp:post_id>3</wp:post_id>
  <wp:post_date>2025-01-27 11:08:58</wp:post_date>
  <wp:post_date_gmt>2025-01-27 16:08:58</wp:post_date_gmt>
  <wp:post_modified>2025-01-27 11:08:58</wp:post_modified>
  <wp:post_modified_gmt>2025-01-27 16:08:58</wp:post_modified_gmt>
  <wp:comment_status>closed</wp:comment_status>
  <wp:ping_status>closed</wp:ping_status>
  <wp:post_name>wp-global-styles-pub%2ffewer</wp:post_name>
  <wp:status>publish</wp:status>
  <wp:post_parent>0</wp:post_parent>
  <wp:menu_order>0</wp:menu_order>
  <wp:post_type>wp_global_styles</wp:post_type>
  <wp:post_password/>
  <wp:is_sticky>0</wp:is_sticky>
  <category domain="wp_theme" nicename="fewer"><![CDATA[fewer]]></category>
  <wp:postmeta>
    <wp:meta_key>_publicize_pending</wp:meta_key>
    <wp:meta_value><![CDATA[1]]></wp:meta_value>
  </wp:postmeta>
</item>
<item>
  <title><![CDATA[Más allá del obstáculo]]></title>
  <link>https://josuegualotuna7.wordpress.com/2025/01/27/mas-alla-del-obstaculo/</link>
  <pubDate>Mon, 27 Jan 2025 16:04:01 +0000</pubDate>
  <dc:creator>20020116j69</dc:creator>
  <guid isPermaLink="false">https://josuegualotuna7.wordpress.com/2025/01/27/mas-alla-del-obstaculo/</guid>
  <description/>
  <content:encoded><![CDATA[<!-- wp:paragraph -->
<p>Te damos la bienvenida a WordPress. Esta es una entrada de ejemplo. Empieza tu andadura en el mundo bloguero editándola o borrándola. Para añadir más contenido aquí, haz clic en el pequeño icono del signo más situado en la esquina superior izquierda. Allí encontrarás una selección de bloques y patrones de WordPress que se adaptan a todas tus necesidades de creación de contenidos. Y no te olvides de echar un vistazo a la vista de lista: haz clic en el icono que hay unos puntos a la derecha del icono del signo más y obtendrás una lista ordenada y fácil de ver de los bloques y patrones de tu entrada.</p>
<!-- /wp:paragraph -->]]></content:encoded>
  <excerpt:encoded><![CDATA[Los retos en los negocios son un hecho, pero es nuestra respuesta a ellos lo que define nuestra trayectoria. Mirando más allá del obstáculo inmediato, existe un reino de oportunidades y aprendizaje.]]></excerpt:encoded>
  <wp:post_id>5</wp:post_id>
  <wp:post_date>2025-01-27 11:04:01</wp:post_date>
  <wp:post_date_gmt>2025-01-27 16:04:01</wp:post_date_gmt>
  <wp:post_modified>2025-01-27 11:04:01</wp:post_modified>
  <wp:post_modified_gmt>2025-01-27 16:04:01</wp:post_modified_gmt>
  <wp:comment_status>closed</wp:comment_status>
  <wp:ping_status>closed</wp:ping_status>
  <wp:post_name>mas-alla-del-obstaculo</wp:post_name>
  <wp:status>publish</wp:status>
  <wp:post_parent>0</wp:post_parent>
  <wp:menu_order>0</wp:menu_order>
  <wp:post_type>post</wp:post_type>
  <wp:post_password/>
  <wp:is_sticky>0</wp:is_sticky>
  <category domain="category" nicename="uncategorized"><![CDATA[Uncategorized]]></category>
  <wp:postmeta>
    <wp:meta_key>_headstart_post</wp:meta_key>
    <wp:meta_value><![CDATA[_hs_extra]]></wp:meta_value>
  </wp:postmeta>
  <wp:postmeta>
    <wp:meta_key>sharing_disabled</wp:meta_key>
    <wp:meta_value><![CDATA[a:1:{i:0;N;}]]></wp:meta_value>
  </wp:postmeta>
  <wp:postmeta>
    <wp:meta_key>switch_like_status</wp:meta_key>
    <wp:meta_value><![CDATA[a:1:{i:0;N;}]]></wp:meta_value>
  </wp:postmeta>
  <wp:postmeta>
    <wp:meta_key>_starter_page_template</wp:meta_key>
    <wp:meta_value><![CDATA[]]></wp:meta_value>
  </wp:postmeta>
  <wp:postmeta>
    <wp:meta_key>_hs_old_id</wp:meta_key>
    <wp:meta_value><![CDATA[]]></wp:meta_value>
  </wp:postmeta>
  <wp:postmeta>
    <wp:meta_key>_wpas_skip_all_services</wp:meta_key>
    <wp:meta_value><![CDATA[1]]></wp:meta_value>
  </wp:postmeta>
  <wp:postmeta>
    <wp:meta_key>_publicize_pending</wp:meta_key>
    <wp:meta_value><![CDATA[1]]></wp:meta_value>
  </wp:postmeta>
  <wp:postmeta>
    <wp:meta_key>_elasticsearch_data_sharing_indexed_on</wp:meta_key>
    <wp:meta_value><![CDATA[2025-01-27 16:09:12]]></wp:meta_value>
  </wp:postmeta>
  <wp:postmeta>
    <wp:meta_key>_thumbnail_id</wp:meta_key>
    <wp:meta_value><![CDATA[11]]></wp:meta_value>
  </wp:postmeta>
</item>
<item>
  <title><![CDATA[Crecimiento desbloqueado]]></title>
  <link>https://josuegualotuna7.wordpress.com/2025/01/27/crecimiento-desbloqueado/</link>
  <pubDate>Mon, 27 Jan 2025 16:04:00 +0000</pubDate>
  <dc:creator>20020116j69</dc:creator>
  <guid isPermaLink="false">https://josuegualotuna7.wordpress.com/2025/01/27/crecimiento-desbloqueado/</guid>
  <description/>
  <content:encoded><![CDATA[<!-- wp:paragraph -->
<p>Te damos la bienvenida a WordPress. Esta es una entrada de ejemplo. Empieza tu andadura en el mundo bloguero editándola o borrándola. Para añadir más contenido aquí, haz clic en el pequeño icono del signo más situado en la esquina superior izquierda. Allí encontrarás una selección de bloques y patrones de WordPress que se adaptan a todas tus necesidades de creación de contenidos. Y no te olvides de echar un vistazo a la vista de lista: haz clic en el icono que hay unos puntos a la derecha del icono del signo más y obtendrás una lista ordenada y fácil de ver de los bloques y patrones de tu entrada.</p>
<!-- /wp:paragraph -->]]></content:encoded>
  <excerpt:encoded><![CDATA[Cada empresa tiene un potencial único que espera ser aprovechado. Reconocer las claves para desbloquear este crecimiento puede encaminar a una empresa hacia un éxito sin precedentes.]]></excerpt:encoded>
  <wp:post_id>6</wp:post_id>
  <wp:post_date>2025-01-27 11:04:00</wp:post_date>
  <wp:post_date_gmt>2025-01-27 16:04:00</wp:post_date_gmt>
  <wp:post_modified>2025-01-27 11:04:00</wp:post_modified>
  <wp:post_modified_gmt>2025-01-27 16:04:00</wp:post_modified_gmt>
  <wp:comment_status>closed</wp:comment_status>
  <wp:ping_status>closed</wp:ping_status>
  <wp:post_name>crecimiento-desbloqueado</wp:post_name>
  <wp:status>publish</wp:status>
  <wp:post_parent>0</wp:post_parent>
  <wp:menu_order>0</wp:menu_order>
  <wp:post_type>post</wp:post_type>
  <wp:post_password/>
  <wp:is_sticky>0</wp:is_sticky>
  <category domain="category" nicename="uncategorized"><![CDATA[Uncategorized]]></category>
  <wp:postmeta>
    <wp:meta_key>_headstart_post</wp:meta_key>
    <wp:meta_value><![CDATA[_hs_extra]]></wp:meta_value>
  </wp:postmeta>
  <wp:postmeta>
    <wp:meta_key>sharing_disabled</wp:meta_key>
    <wp:meta_value><![CDATA[a:1:{i:0;N;}]]></wp:meta_value>
  </wp:postmeta>
  <wp:postmeta>
    <wp:meta_key>switch_like_status</wp:meta_key>
    <wp:meta_value><![CDATA[a:1:{i:0;N;}]]></wp:meta_value>
  </wp:postmeta>
  <wp:postmeta>
    <wp:meta_key>_starter_page_template</wp:meta_key>
    <wp:meta_value><![CDATA[]]></wp:meta_value>
  </wp:postmeta>
  <wp:postmeta>
    <wp:meta_key>_hs_old_id</wp:meta_key>
    <wp:meta_value><![CDATA[]]></wp:meta_value>
  </wp:postmeta>
  <wp:postmeta>
    <wp:meta_key>_wpas_skip_all_services</wp:meta_key>
    <wp:meta_value><![CDATA[1]]></wp:meta_value>
  </wp:postmeta>
  <wp:postmeta>
    <wp:meta_key>_publicize_pending</wp:meta_key>
    <wp:meta_value><![CDATA[1]]></wp:meta_value>
  </wp:postmeta>
  <wp:postmeta>
    <wp:meta_key>_elasticsearch_data_sharing_indexed_on</wp:meta_key>
    <wp:meta_value><![CDATA[2025-01-27 16:09:12]]></wp:meta_value>
  </wp:postmeta>
  <wp:postmeta>
    <wp:meta_key>_thumbnail_id</wp:meta_key>
    <wp:meta_value><![CDATA[12]]></wp:meta_value>
  </wp:postmeta>
</item>
<item>
  <title><![CDATA[Magia de la colaboración]]></title>
  <link>https://josuegualotuna7.wordpress.com/2025/01/27/magia-de-la-colaboracion/</link>
  <pubDate>Mon, 27 Jan 2025 16:03:59 +0000</pubDate>
  <dc:creator>20020116j69</dc:creator>
  <guid isPermaLink="false">https://josuegualotuna7.wordpress.com/2025/01/27/magia-de-la-colaboracion/</guid>
  <description/>
  <content:encoded><![CDATA[<!-- wp:paragraph -->
<p>Te damos la bienvenida a WordPress. Esta es una entrada de ejemplo. Empieza tu andadura en el mundo bloguero editándola o borrándola. Para añadir más contenido aquí, haz clic en el pequeño icono del signo más situado en la esquina superior izquierda. Allí encontrarás una selección de bloques y patrones de WordPress que se adaptan a todas tus necesidades de creación de contenidos. Y no te olvides de echar un vistazo a la vista de lista: haz clic en el icono que hay unos puntos a la derecha del icono del signo más y obtendrás una lista ordenada y fácil de ver de los bloques y patrones de tu entrada.</p>
<!-- /wp:paragraph -->]]></content:encoded>
  <excerpt:encoded><![CDATA[La magia que surge de una colaboración eficaz es innegable. Cuando convergen mentes diversas con un propósito común, los resultados pueden ser transformadores.]]></excerpt:encoded>
  <wp:post_id>7</wp:post_id>
  <wp:post_date>2025-01-27 11:03:59</wp:post_date>
  <wp:post_date_gmt>2025-01-27 16:03:59</wp:post_date_gmt>
  <wp:post_modified>2025-01-27 11:03:59</wp:post_modified>
  <wp:post_modified_gmt>2025-01-27 16:03:59</wp:post_modified_gmt>
  <wp:comment_status>closed</wp:comment_status>
  <wp:ping_status>closed</wp:ping_status>
  <wp:post_name>magia-de-la-colaboracion</wp:post_name>
  <wp:status>publish</wp:status>
  <wp:post_parent>0</wp:post_parent>
  <wp:menu_order>0</wp:menu_order>
  <wp:post_type>post</wp:post_type>
  <wp:post_password/>
  <wp:is_sticky>0</wp:is_sticky>
  <category domain="category" nicename="uncategorized"><![CDATA[Uncategorized]]></category>
  <wp:postmeta>
    <wp:meta_key>_headstart_post</wp:meta_key>
    <wp:meta_value><![CDATA[_hs_extra]]></wp:meta_value>
  </wp:postmeta>
  <wp:postmeta>
    <wp:meta_key>sharing_disabled</wp:meta_key>
    <wp:meta_value><![CDATA[a:1:{i:0;N;}]]></wp:meta_value>
  </wp:postmeta>
  <wp:postmeta>
    <wp:meta_key>switch_like_status</wp:meta_key>
    <wp:meta_value><![CDATA[a:1:{i:0;N;}]]></wp:meta_value>
  </wp:postmeta>
  <wp:postmeta>
    <wp:meta_key>_starter_page_template</wp:meta_key>
    <wp:meta_value><![CDATA[]]></wp:meta_value>
  </wp:postmeta>
  <wp:postmeta>
    <wp:meta_key>_hs_old_id</wp:meta_key>
    <wp:meta_value><![CDATA[]]></wp:meta_value>
  </wp:postmeta>
  <wp:postmeta>
    <wp:meta_key>_wpas_skip_all_services</wp:meta_key>
    <wp:meta_value><![CDATA[1]]></wp:meta_value>
  </wp:postmeta>
  <wp:postmeta>
    <wp:meta_key>_publicize_pending</wp:meta_key>
    <wp:meta_value><![CDATA[1]]></wp:meta_value>
  </wp:postmeta>
  <wp:postmeta>
    <wp:meta_key>_elasticsearch_data_sharing_indexed_on</wp:meta_key>
    <wp:meta_value><![CDATA[2025-01-27 16:09:12]]></wp:meta_value>
  </wp:postmeta>
  <wp:postmeta>
    <wp:meta_key>_thumbnail_id</wp:meta_key>
    <wp:meta_value><![CDATA[13]]></wp:meta_value>
  </wp:postmeta>
</item>
<item>
  <title><![CDATA[Triunfo del trabajo en equipo]]></title>
  <link>https://josuegualotuna7.wordpress.com/2025/01/27/triunfo-del-trabajo-en-equipo/</link>
  <pubDate>Mon, 27 Jan 2025 16:03:58 +0000</pubDate>
  <dc:creator>20020116j69</dc:creator>
  <guid isPermaLink="false">https://josuegualotuna7.wordpress.com/2025/01/27/triunfo-del-trabajo-en-equipo/</guid>
  <description/>
  <content:encoded><![CDATA[<!-- wp:paragraph -->
<p>Te damos la bienvenida a WordPress. Esta es una entrada de ejemplo. Empieza tu andadura en el mundo bloguero editándola o borrándola. Para añadir más contenido aquí, haz clic en el pequeño icono del signo más situado en la esquina superior izquierda. Allí encontrarás una selección de bloques y patrones de WordPress que se adaptan a todas tus necesidades de creación de contenidos. Y no te olvides de echar un vistazo a la vista de lista: haz clic en el icono que hay unos puntos a la derecha del icono del signo más y obtendrás una lista ordenada y fácil de ver de los bloques y patrones de tu entrada.</p>
<!-- /wp:paragraph -->]]></content:encoded>
  <excerpt:encoded><![CDATA[¿Qué fomenta un trabajo en equipo eficaz? No se trata solo de agrupar individuos y esperar lo mejor. Se trata de cultivar un entorno en el que converjan la confianza, la comunicación abierta, el respeto mutuo y una visión compartida.]]></excerpt:encoded>
  <wp:post_id>8</wp:post_id>
  <wp:post_date>2025-01-27 11:03:58</wp:post_date>
  <wp:post_date_gmt>2025-01-27 16:03:58</wp:post_date_gmt>
  <wp:post_modified>2025-01-27 11:03:58</wp:post_modified>
  <wp:post_modified_gmt>2025-01-27 16:03:58</wp:post_modified_gmt>
  <wp:comment_status>closed</wp:comment_status>
  <wp:ping_status>closed</wp:ping_status>
  <wp:post_name>triunfo-del-trabajo-en-equipo</wp:post_name>
  <wp:status>publish</wp:status>
  <wp:post_parent>0</wp:post_parent>
  <wp:menu_order>0</wp:menu_order>
  <wp:post_type>post</wp:post_type>
  <wp:post_password/>
  <wp:is_sticky>0</wp:is_sticky>
  <category domain="category" nicename="uncategorized"><![CDATA[Uncategorized]]></category>
  <wp:postmeta>
    <wp:meta_key>_headstart_post</wp:meta_key>
    <wp:meta_value><![CDATA[_hs_extra]]></wp:meta_value>
  </wp:postmeta>
  <wp:postmeta>
    <wp:meta_key>sharing_disabled</wp:meta_key>
    <wp:meta_value><![CDATA[a:1:{i:0;N;}]]></wp:meta_value>
  </wp:postmeta>
  <wp:postmeta>
    <wp:meta_key>switch_like_status</wp:meta_key>
    <wp:meta_value><![CDATA[a:1:{i:0;N;}]]></wp:meta_value>
  </wp:postmeta>
  <wp:postmeta>
    <wp:meta_key>_starter_page_template</wp:meta_key>
    <wp:meta_value><![CDATA[]]></wp:meta_value>
  </wp:postmeta>
  <wp:postmeta>
    <wp:meta_key>_hs_old_id</wp:meta_key>
    <wp:meta_value><![CDATA[]]></wp:meta_value>
  </wp:postmeta>
  <wp:postmeta>
    <wp:meta_key>_wpas_skip_all_services</wp:meta_key>
    <wp:meta_value><![CDATA[1]]></wp:meta_value>
  </wp:postmeta>
  <wp:postmeta>
    <wp:meta_key>_publicize_pending</wp:meta_key>
    <wp:meta_value><![CDATA[1]]></wp:meta_value>
  </wp:postmeta>
  <wp:postmeta>
    <wp:meta_key>_elasticsearch_data_sharing_indexed_on</wp:meta_key>
    <wp:meta_value><![CDATA[2025-01-27 16:09:12]]></wp:meta_value>
  </wp:postmeta>
  <wp:postmeta>
    <wp:meta_key>_thumbnail_id</wp:meta_key>
    <wp:meta_value><![CDATA[14]]></wp:meta_value>
  </wp:postmeta>
</item>
<item>
  <title><![CDATA[Ventaja adaptativa]]></title>
  <link>https://josuegualotuna7.wordpress.com/2025/01/27/ventaja-adaptativa/</link>
  <pubDate>Mon, 27 Jan 2025 16:03:57 +0000</pubDate>
  <dc:creator>20020116j69</dc:creator>
  <guid isPermaLink="false">https://josuegualotuna7.wordpress.com/2025/01/27/ventaja-adaptativa/</guid>
  <description/>
  <content:encoded><![CDATA[<!-- wp:paragraph -->
<p>Te damos la bienvenida a WordPress. Esta es una entrada de ejemplo. Empieza tu andadura en el mundo bloguero editándola o borrándola. Para añadir más contenido aquí, haz clic en el pequeño icono del signo más situado en la esquina superior izquierda. Allí encontrarás una selección de bloques y patrones de WordPress que se adaptan a todas tus necesidades de creación de contenidos. Y no te olvides de echar un vistazo a la vista de lista: haz clic en el icono que hay unos puntos a la derecha del icono del signo más y obtendrás una lista ordenada y fácil de ver de los bloques y patrones de tu entrada.</p>
<!-- /wp:paragraph -->]]></content:encoded>
  <excerpt:encoded><![CDATA[En un panorama empresarial en constante cambio, la adaptabilidad no es solo un rasgo: es una ventaja competitiva. Las empresas que aceptan el cambio, aprenden de los retos y pivotan cuando es necesario son las que no solo sobreviven, sino que prosperan en entornos inciertos.]]></excerpt:encoded>
  <wp:post_id>9</wp:post_id>
  <wp:post_date>2025-01-27 11:03:57</wp:post_date>
  <wp:post_date_gmt>2025-01-27 16:03:57</wp:post_date_gmt>
  <wp:post_modified>2025-01-27 11:03:57</wp:post_modified>
  <wp:post_modified_gmt>2025-01-27 16:03:57</wp:post_modified_gmt>
  <wp:comment_status>closed</wp:comment_status>
  <wp:ping_status>closed</wp:ping_status>
  <wp:post_name>ventaja-adaptativa</wp:post_name>
  <wp:status>publish</wp:status>
  <wp:post_parent>0</wp:post_parent>
  <wp:menu_order>0</wp:menu_order>
  <wp:post_type>post</wp:post_type>
  <wp:post_password/>
  <wp:is_sticky>0</wp:is_sticky>
  <category domain="category" nicename="uncategorized"><![CDATA[Uncategorized]]></category>
  <wp:postmeta>
    <wp:meta_key>_headstart_post</wp:meta_key>
    <wp:meta_value><![CDATA[_hs_extra]]></wp:meta_value>
  </wp:postmeta>
  <wp:postmeta>
    <wp:meta_key>sharing_disabled</wp:meta_key>
    <wp:meta_value><![CDATA[a:1:{i:0;N;}]]></wp:meta_value>
  </wp:postmeta>
  <wp:postmeta>
    <wp:meta_key>switch_like_status</wp:meta_key>
    <wp:meta_value><![CDATA[a:1:{i:0;N;}]]></wp:meta_value>
  </wp:postmeta>
  <wp:postmeta>
    <wp:meta_key>_starter_page_template</wp:meta_key>
    <wp:meta_value><![CDATA[]]></wp:meta_value>
  </wp:postmeta>
  <wp:postmeta>
    <wp:meta_key>_hs_old_id</wp:meta_key>
    <wp:meta_value><![CDATA[]]></wp:meta_value>
  </wp:postmeta>
  <wp:postmeta>
    <wp:meta_key>_wpas_skip_all_services</wp:meta_key>
    <wp:meta_value><![CDATA[1]]></wp:meta_value>
  </wp:postmeta>
  <wp:postmeta>
    <wp:meta_key>_publicize_pending</wp:meta_key>
    <wp:meta_value><![CDATA[1]]></wp:meta_value>
  </wp:postmeta>
  <wp:postmeta>
    <wp:meta_key>_elasticsearch_data_sharing_indexed_on</wp:meta_key>
    <wp:meta_value><![CDATA[2025-01-27 16:09:13]]></wp:meta_value>
  </wp:postmeta>
  <wp:postmeta>
    <wp:meta_key>_thumbnail_id</wp:meta_key>
    <wp:meta_value><![CDATA[15]]></wp:meta_value>
  </wp:postmeta>
</item>
<item>
  <title><![CDATA[Placeholder Image]]></title>
  <link>https://josuegualotuna7.wordpress.com/2025/01/27/el-arte-de-la-conexion/placeholder-image/</link>
  <pubDate>Mon, 27 Jan 2025 16:09:12 +0000</pubDate>
  <dc:creator>20020116j69</dc:creator>
  <guid isPermaLink="false">http://josuegualotuna7.files.wordpress.com/2025/01/c35dd-fewer_post_3.png</guid>
  <description/>
  <content:encoded><![CDATA[]]></content:encoded>
  <excerpt:encoded><![CDATA[]]></excerpt:encoded>
  <wp:post_id>10</wp:post_id>
  <wp:post_date>2025-01-27 11:09:12</wp:post_date>
  <wp:post_date_gmt>2025-01-27 16:09:12</wp:post_date_gmt>
  <wp:post_modified>2025-01-27 11:09:12</wp:post_modified>
  <wp:post_modified_gmt>2025-01-27 16:09:12</wp:post_modified_gmt>
  <wp:comment_status>open</wp:comment_status>
  <wp:ping_status>closed</wp:ping_status>
  <wp:post_name>placeholder-image</wp:post_name>
  <wp:status>inherit</wp:status>
  <wp:post_parent>4</wp:post_parent>
  <wp:menu_order>0</wp:menu_order>
  <wp:post_type>attachment</wp:post_type>
  <wp:post_password/>
  <wp:is_sticky>0</wp:is_sticky>
  <wp:attachment_url>https://josuegualotuna7.wordpress.com/wp-content/uploads/2025/01/c35dd-fewer_post_3.png</wp:attachment_url>
  <wp:postmeta>
    <wp:meta_key>_wp_attached_file</wp:meta_key>
    <wp:meta_value><![CDATA[/home/wpcom/public_html/wp-content/blogs.dir/3e7/241125747/files/2025/01/c35dd-fewer_post_3.png]]></wp:meta_value>
  </wp:postmeta>
  <wp:postmeta>
    <wp:meta_key>_wp_attachment_metadata</wp:meta_key>
    <wp:meta_value><![CDATA[a:6:{s:5:"width";i:800;s:6:"height";i:532;s:4:"file";s:95:"/home/wpcom/public_html/wp-content/blogs.dir/3e7/241125747/files/2025/01/c35dd-fewer_post_3.png";s:8:"filesize";i:263038;s:5:"sizes";a:0:{}s:10:"image_meta";a:12:{s:8:"aperture";s:1:"0";s:6:"credit";s:0:"";s:6:"camera";s:0:"";s:7:"caption";s:0:"";s:17:"created_timestamp";s:1:"0";s:9:"copyright";s:0:"";s:12:"focal_length";s:1:"0";s:3:"iso";s:1:"0";s:13:"shutter_speed";s:1:"0";s:5:"title";s:0:"";s:11:"orientation";s:1:"0";s:8:"keywords";a:0:{}}}]]></wp:meta_value>
  </wp:postmeta>
</item>
<item>
  <title><![CDATA[Placeholder Image]]></title>
  <link>https://josuegualotuna7.wordpress.com/2025/01/27/mas-alla-del-obstaculo/placeholder-image-2/</link>
  <pubDate>Mon, 27 Jan 2025 16:09:13 +0000</pubDate>
  <dc:creator>20020116j69</dc:creator>
  <guid isPermaLink="false">http://josuegualotuna7.files.wordpress.com/2025/01/c190e-fewer_post_4.png</guid>
  <description/>
  <content:encoded><![CDATA[]]></content:encoded>
  <excerpt:encoded><![CDATA[]]></excerpt:encoded>
  <wp:post_id>11</wp:post_id>
  <wp:post_date>2025-01-27 11:09:13</wp:post_date>
  <wp:post_date_gmt>2025-01-27 16:09:13</wp:post_date_gmt>
  <wp:post_modified>2025-01-27 11:09:13</wp:post_modified>
  <wp:post_modified_gmt>2025-01-27 16:09:13</wp:post_modified_gmt>
  <wp:comment_status>open</wp:comment_status>
  <wp:ping_status>closed</wp:ping_status>
  <wp:post_name>placeholder-image-2</wp:post_name>
  <wp:status>inherit</wp:status>
  <wp:post_parent>5</wp:post_parent>
  <wp:menu_order>0</wp:menu_order>
  <wp:post_type>attachment</wp:post_type>
  <wp:post_password/>
  <wp:is_sticky>0</wp:is_sticky>
  <wp:attachment_url>https://josuegualotuna7.wordpress.com/wp-content/uploads/2025/01/c190e-fewer_post_4.png</wp:attachment_url>
  <wp:postmeta>
    <wp:meta_key>_wp_attached_file</wp:meta_key>
    <wp:meta_value><![CDATA[/home/wpcom/public_html/wp-content/blogs.dir/3e7/241125747/files/2025/01/c190e-fewer_post_4.png]]></wp:meta_value>
  </wp:postmeta>
  <wp:postmeta>
    <wp:meta_key>_wp_attachment_metadata</wp:meta_key>
    <wp:meta_value><![CDATA[a:6:{s:5:"width";i:800;s:6:"height";i:531;s:4:"file";s:95:"/home/wpcom/public_html/wp-content/blogs.dir/3e7/241125747/files/2025/01/c190e-fewer_post_4.png";s:8:"filesize";i:263695;s:5:"sizes";a:0:{}s:10:"image_meta";a:12:{s:8:"aperture";s:1:"0";s:6:"credit";s:0:"";s:6:"camera";s:0:"";s:7:"caption";s:0:"";s:17:"created_timestamp";s:1:"0";s:9:"copyright";s:0:"";s:12:"focal_length";s:1:"0";s:3:"iso";s:1:"0";s:13:"shutter_speed";s:1:"0";s:5:"title";s:0:"";s:11:"orientation";s:1:"0";s:8:"keywords";a:0:{}}}]]></wp:meta_value>
  </wp:postmeta>
</item>
<item>
  <title><![CDATA[Placeholder Image]]></title>
  <link>https://josuegualotuna7.wordpress.com/2025/01/27/crecimiento-desbloqueado/placeholder-image-3/</link>
  <pubDate>Mon, 27 Jan 2025 16:09:13 +0000</pubDate>
  <dc:creator>20020116j69</dc:creator>
  <guid isPermaLink="false">http://josuegualotuna7.files.wordpress.com/2025/01/b32a6-fewer_post_5.png</guid>
  <description/>
  <content:encoded><![CDATA[]]></content:encoded>
  <excerpt:encoded><![CDATA[]]></excerpt:encoded>
  <wp:post_id>12</wp:post_id>
  <wp:post_date>2025-01-27 11:09:13</wp:post_date>
  <wp:post_date_gmt>2025-01-27 16:09:13</wp:post_date_gmt>
  <wp:post_modified>2025-01-27 11:09:13</wp:post_modified>
  <wp:post_modified_gmt>2025-01-27 16:09:13</wp:post_modified_gmt>
  <wp:comment_status>open</wp:comment_status>
  <wp:ping_status>closed</wp:ping_status>
  <wp:post_name>placeholder-image-3</wp:post_name>
  <wp:status>inherit</wp:status>
  <wp:post_parent>6</wp:post_parent>
  <wp:menu_order>0</wp:menu_order>
  <wp:post_type>attachment</wp:post_type>
  <wp:post_password/>
  <wp:is_sticky>0</wp:is_sticky>
  <wp:attachment_url>https://josuegualotuna7.wordpress.com/wp-content/uploads/2025/01/b32a6-fewer_post_5.png</wp:attachment_url>
  <wp:postmeta>
    <wp:meta_key>_wp_attached_file</wp:meta_key>
    <wp:meta_value><![CDATA[/home/wpcom/public_html/wp-content/blogs.dir/3e7/241125747/files/2025/01/b32a6-fewer_post_5.png]]></wp:meta_value>
  </wp:postmeta>
  <wp:postmeta>
    <wp:meta_key>_wp_attachment_metadata</wp:meta_key>
    <wp:meta_value><![CDATA[a:6:{s:5:"width";i:800;s:6:"height";i:532;s:4:"file";s:95:"/home/wpcom/public_html/wp-content/blogs.dir/3e7/241125747/files/2025/01/b32a6-fewer_post_5.png";s:8:"filesize";i:165117;s:5:"sizes";a:0:{}s:10:"image_meta";a:12:{s:8:"aperture";s:1:"0";s:6:"credit";s:0:"";s:6:"camera";s:0:"";s:7:"caption";s:0:"";s:17:"created_timestamp";s:1:"0";s:9:"copyright";s:0:"";s:12:"focal_length";s:1:"0";s:3:"iso";s:1:"0";s:13:"shutter_speed";s:1:"0";s:5:"title";s:0:"";s:11:"orientation";s:1:"0";s:8:"keywords";a:0:{}}}]]></wp:meta_value>
  </wp:postmeta>
</item>
<item>
  <title><![CDATA[Placeholder Image]]></title>
  <link>https://josuegualotuna7.wordpress.com/2025/01/27/magia-de-la-colaboracion/placeholder-image-4/</link>
  <pubDate>Mon, 27 Jan 2025 16:09:14 +0000</pubDate>
  <dc:creator>20020116j69</dc:creator>
  <guid isPermaLink="false">http://josuegualotuna7.files.wordpress.com/2025/01/7a39b-fewer_post_2.png</guid>
  <description/>
  <content:encoded><![CDATA[]]></content:encoded>
  <excerpt:encoded><![CDATA[]]></excerpt:encoded>
  <wp:post_id>13</wp:post_id>
  <wp:post_date>2025-01-27 11:09:14</wp:post_date>
  <wp:post_date_gmt>2025-01-27 16:09:14</wp:post_date_gmt>
  <wp:post_modified>2025-01-27 11:09:14</wp:post_modified>
  <wp:post_modified_gmt>2025-01-27 16:09:14</wp:post_modified_gmt>
  <wp:comment_status>open</wp:comment_status>
  <wp:ping_status>closed</wp:ping_status>
  <wp:post_name>placeholder-image-4</wp:post_name>
  <wp:status>inherit</wp:status>
  <wp:post_parent>7</wp:post_parent>
  <wp:menu_order>0</wp:menu_order>
  <wp:post_type>attachment</wp:post_type>
  <wp:post_password/>
  <wp:is_sticky>0</wp:is_sticky>
  <wp:attachment_url>https://josuegualotuna7.wordpress.com/wp-content/uploads/2025/01/7a39b-fewer_post_2.png</wp:attachment_url>
  <wp:postmeta>
    <wp:meta_key>_wp_attached_file</wp:meta_key>
    <wp:meta_value><![CDATA[/home/wpcom/public_html/wp-content/blogs.dir/3e7/241125747/files/2025/01/7a39b-fewer_post_2.png]]></wp:meta_value>
  </wp:postmeta>
  <wp:postmeta>
    <wp:meta_key>_wp_attachment_metadata</wp:meta_key>
    <wp:meta_value><![CDATA[a:6:{s:5:"width";i:800;s:6:"height";i:530;s:4:"file";s:95:"/home/wpcom/public_html/wp-content/blogs.dir/3e7/241125747/files/2025/01/7a39b-fewer_post_2.png";s:8:"filesize";i:275580;s:5:"sizes";a:0:{}s:10:"image_meta";a:12:{s:8:"aperture";s:1:"0";s:6:"credit";s:0:"";s:6:"camera";s:0:"";s:7:"caption";s:0:"";s:17:"created_timestamp";s:1:"0";s:9:"copyright";s:0:"";s:12:"focal_length";s:1:"0";s:3:"iso";s:1:"0";s:13:"shutter_speed";s:1:"0";s:5:"title";s:0:"";s:11:"orientation";s:1:"0";s:8:"keywords";a:0:{}}}]]></wp:meta_value>
  </wp:postmeta>
</item>
<item>
  <title><![CDATA[Placeholder Image]]></title>
  <link>https://josuegualotuna7.wordpress.com/2025/01/27/triunfo-del-trabajo-en-equipo/placeholder-image-5/</link>
  <pubDate>Mon, 27 Jan 2025 16:09:14 +0000</pubDate>
  <dc:creator>20020116j69</dc:creator>
  <guid isPermaLink="false">http://josuegualotuna7.files.wordpress.com/2025/01/bffa5-fewer_orestad_2.png</guid>
  <description/>
  <content:encoded><![CDATA[]]></content:encoded>
  <excerpt:encoded><![CDATA[]]></excerpt:encoded>
  <wp:post_id>14</wp:post_id>
  <wp:post_date>2025-01-27 11:09:14</wp:post_date>
  <wp:post_date_gmt>2025-01-27 16:09:14</wp:post_date_gmt>
  <wp:post_modified>2025-01-27 11:09:14</wp:post_modified>
  <wp:post_modified_gmt>2025-01-27 16:09:14</wp:post_modified_gmt>
  <wp:comment_status>open</wp:comment_status>
  <wp:ping_status>closed</wp:ping_status>
  <wp:post_name>placeholder-image-5</wp:post_name>
  <wp:status>inherit</wp:status>
  <wp:post_parent>8</wp:post_parent>
  <wp:menu_order>0</wp:menu_order>
  <wp:post_type>attachment</wp:post_type>
  <wp:post_password/>
  <wp:is_sticky>0</wp:is_sticky>
  <wp:attachment_url>https://josuegualotuna7.wordpress.com/wp-content/uploads/2025/01/bffa5-fewer_orestad_2.png</wp:attachment_url>
  <wp:postmeta>
    <wp:meta_key>_wp_attached_file</wp:meta_key>
    <wp:meta_value><![CDATA[/home/wpcom/public_html/wp-content/blogs.dir/3e7/241125747/files/2025/01/bffa5-fewer_orestad_2.png]]></wp:meta_value>
  </wp:postmeta>
  <wp:postmeta>
    <wp:meta_key>_wp_attachment_metadata</wp:meta_key>
    <wp:meta_value><![CDATA[a:6:{s:5:"width";i:799;s:6:"height";i:651;s:4:"file";s:98:"/home/wpcom/public_html/wp-content/blogs.dir/3e7/241125747/files/2025/01/bffa5-fewer_orestad_2.png";s:8:"filesize";i:275178;s:5:"sizes";a:0:{}s:10:"image_meta";a:12:{s:8:"aperture";s:1:"0";s:6:"credit";s:0:"";s:6:"camera";s:0:"";s:7:"caption";s:0:"";s:17:"created_timestamp";s:1:"0";s:9:"copyright";s:0:"";s:12:"focal_length";s:1:"0";s:3:"iso";s:1:"0";s:13:"shutter_speed";s:1:"0";s:5:"title";s:0:"";s:11:"orientation";s:1:"0";s:8:"keywords";a:0:{}}}]]></wp:meta_value>
  </wp:postmeta>
</item>
<item>
  <title><![CDATA[Placeholder Image]]></title>
  <link>https://josuegualotuna7.wordpress.com/2025/01/27/ventaja-adaptativa/placeholder-image-6/</link>
  <pubDate>Mon, 27 Jan 2025 16:09:14 +0000</pubDate>
  <dc:creator>20020116j69</dc:creator>
  <guid isPermaLink="false">http://josuegualotuna7.files.wordpress.com/2025/01/90e3e-fewer_post_1.png</guid>
  <description/>
  <content:encoded><![CDATA[]]></content:encoded>
  <excerpt:encoded><![CDATA[]]></excerpt:encoded>
  <wp:post_id>15</wp:post_id>
  <wp:post_date>2025-01-27 11:09:14</wp:post_date>
  <wp:post_date_gmt>2025-01-27 16:09:14</wp:post_date_gmt>
  <wp:post_modified>2025-01-27 11:09:14</wp:post_modified>
  <wp:post_modified_gmt>2025-01-27 16:09:14</wp:post_modified_gmt>
  <wp:comment_status>open</wp:comment_status>
  <wp:ping_status>closed</wp:ping_status>
  <wp:post_name>placeholder-image-6</wp:post_name>
  <wp:status>inherit</wp:status>
  <wp:post_parent>9</wp:post_parent>
  <wp:menu_order>0</wp:menu_order>
  <wp:post_type>attachment</wp:post_type>
  <wp:post_password/>
  <wp:is_sticky>0</wp:is_sticky>
  <wp:attachment_url>https://josuegualotuna7.wordpress.com/wp-content/uploads/2025/01/90e3e-fewer_post_1.png</wp:attachment_url>
  <wp:postmeta>
    <wp:meta_key>_wp_attached_file</wp:meta_key>
    <wp:meta_value><![CDATA[/home/wpcom/public_html/wp-content/blogs.dir/3e7/241125747/files/2025/01/90e3e-fewer_post_1.png]]></wp:meta_value>
  </wp:postmeta>
  <wp:postmeta>
    <wp:meta_key>_wp_attachment_metadata</wp:meta_key>
    <wp:meta_value><![CDATA[a:6:{s:5:"width";i:800;s:6:"height";i:514;s:4:"file";s:95:"/home/wpcom/public_html/wp-content/blogs.dir/3e7/241125747/files/2025/01/90e3e-fewer_post_1.png";s:8:"filesize";i:216169;s:5:"sizes";a:0:{}s:10:"image_meta";a:12:{s:8:"aperture";s:1:"0";s:6:"credit";s:0:"";s:6:"camera";s:0:"";s:7:"caption";s:0:"";s:17:"created_timestamp";s:1:"0";s:9:"copyright";s:0:"";s:12:"focal_length";s:1:"0";s:3:"iso";s:1:"0";s:13:"shutter_speed";s:1:"0";s:5:"title";s:0:"";s:11:"orientation";s:1:"0";s:8:"keywords";a:0:{}}}]]></wp:meta_value>
  </wp:postmeta>
</item>
<item>
  <title><![CDATA[Navegación]]></title>
  <link>https://josuegualotuna7.wordpress.com/2025/01/27/navigation/</link>
  <pubDate>Mon, 27 Jan 2025 16:09:15 +0000</pubDate>
  <dc:creator>20020116j69</dc:creator>
  <guid isPermaLink="false">https://josuegualotuna7.wordpress.com/2025/01/27/navigation/</guid>
  <description/>
  <content:encoded><![CDATA[<!-- wp:navigation-link {"label":"Inicio","type":"page","id":18,"url":"https://josuegualotuna7.wordpress.com/","kind":"post-type"} /-->

<!-- wp:navigation-link {"label":"About","type":"page","id":1,"url":"https://josuegualotuna7.wordpress.com/about/","kind":"post-type"} /-->

<!-- wp:navigation-link {"label":"Blog","type":"page","id":20,"url":"https://josuegualotuna7.wordpress.com/blog/","kind":"post-type"} /-->

<!-- wp:navigation-link {"label":"Linkedin","url":"www.linkedin.com/in/josue-gualotuna","kind":"custom"} /-->

<!-- wp:navigation-link {"label":"Curriculum","url":"https://github.com/JosuLDU/CV/blob/main/josue-gualotu%C3%B1a-cv-2025.pdf","kind":"custom"} /-->]]></content:encoded>
  <excerpt:encoded><![CDATA[]]></excerpt:encoded>
  <wp:post_id>16</wp:post_id>
  <wp:post_date>2025-01-27 11:09:15</wp:post_date>
  <wp:post_date_gmt>2025-01-27 16:09:15</wp:post_date_gmt>
  <wp:post_modified>2025-02-10 10:41:30</wp:post_modified>
  <wp:post_modified_gmt>2025-02-10 15:41:30</wp:post_modified_gmt>
  <wp:comment_status>closed</wp:comment_status>
  <wp:ping_status>closed</wp:ping_status>
  <wp:post_name>navigation</wp:post_name>
  <wp:status>publish</wp:status>
  <wp:post_parent>0</wp:post_parent>
  <wp:menu_order>0</wp:menu_order>
  <wp:post_type>wp_navigation</wp:post_type>
  <wp:post_password/>
  <wp:is_sticky>0</wp:is_sticky>
</item>
<item>
  <title><![CDATA[LOGOS_5TA._ESTRELLA_I]]></title>
  <link>https://josuegualotuna7.wordpress.com/logos_5ta-_estrella_i/</link>
  <pubDate>Mon, 27 Jan 2025 16:27:53 +0000</pubDate>
  <dc:creator>20020116j69</dc:creator>
  <guid isPermaLink="false">http://josuegualotuna7.files.wordpress.com/2025/01/logos_5ta._estrella_i.png</guid>
  <description/>
  <content:encoded><![CDATA[]]></content:encoded>
  <excerpt:encoded><![CDATA[]]></excerpt:encoded>
  <wp:post_id>17</wp:post_id>
  <wp:post_date>2025-01-27 11:27:53</wp:post_date>
  <wp:post_date_gmt>2025-01-27 16:27:53</wp:post_date_gmt>
  <wp:post_modified>2025-01-27 11:27:53</wp:post_modified>
  <wp:post_modified_gmt>2025-01-27 16:27:53</wp:post_modified_gmt>
  <wp:comment_status>open</wp:comment_status>
  <wp:ping_status>closed</wp:ping_status>
  <wp:post_name>logos_5ta-_estrella_i</wp:post_name>
  <wp:status>inherit</wp:status>
  <wp:post_parent>0</wp:post_parent>
  <wp:menu_order>0</wp:menu_order>
  <wp:post_type>attachment</wp:post_type>
  <wp:post_password/>
  <wp:is_sticky>0</wp:is_sticky>
  <wp:attachment_url>https://josuegualotuna7.wordpress.com/wp-content/uploads/2025/01/logos_5ta._estrella_i.png</wp:attachment_url>
  <wp:postmeta>
    <wp:meta_key>_wp_attached_file</wp:meta_key>
    <wp:meta_value><![CDATA[/home/wpcom/public_html/wp-content/blogs.dir/3e7/241125747/files/2025/01/logos_5ta._estrella_i.png]]></wp:meta_value>
  </wp:postmeta>
  <wp:postmeta>
    <wp:meta_key>_wp_attachment_metadata</wp:meta_key>
    <wp:meta_value><![CDATA[a:6:{s:5:"width";i:1369;s:6:"height";i:1369;s:4:"file";s:98:"/home/wpcom/public_html/wp-content/blogs.dir/3e7/241125747/files/2025/01/logos_5ta._estrella_i.png";s:8:"filesize";i:283347;s:5:"sizes";a:0:{}s:10:"image_meta";a:12:{s:8:"aperture";s:1:"0";s:6:"credit";s:0:"";s:6:"camera";s:0:"";s:7:"caption";s:0:"";s:17:"created_timestamp";s:1:"0";s:9:"copyright";s:0:"";s:12:"focal_length";s:1:"0";s:3:"iso";s:1:"0";s:13:"shutter_speed";s:1:"0";s:5:"title";s:0:"";s:11:"orientation";s:1:"0";s:8:"keywords";a:0:{}}}]]></wp:meta_value>
  </wp:postmeta>
</item>
<item>
  <title><![CDATA[Inicio]]></title>
  <link>https://josuegualotuna7.wordpress.com/</link>
  <pubDate>Mon, 27 Jan 2025 16:41:24 +0000</pubDate>
  <dc:creator>20020116j69</dc:creator>
  <guid isPermaLink="false">https://josuegualotuna7.wordpress.com/?page_id=18</guid>
  <description/>
  <content:encoded><![CDATA[<!-- wp:group {"metadata":{"name":"Header","categories":["header"],"patternName":"a8c/header-logo-left-menu-centered-social-right"},"align":"full","style":{"spacing":{"padding":{"top":"var:preset|spacing|30","bottom":"var:preset|spacing|30","left":"var(\u002d\u002dwp\u002d\u002dstyle\u002d\u002droot\u002d\u002dpadding-left, var(\u002d\u002dwp\u002d\u002dcustom\u002d\u002dgap\u002d\u002dhorizontal))","right":"var(\u002d\u002dwp\u002d\u002dstyle\u002d\u002droot\u002d\u002dpadding-right, var(\u002d\u002dwp\u002d\u002dcustom\u002d\u002dgap\u002d\u002dhorizontal))"},"margin":{"top":"0","bottom":"0"}}},"layout":{"type":"constrained","justifyContent":"center"}} -->
<div class="wp-block-group alignfull" style="margin-top:0;margin-bottom:0;padding-top:var(--wp--preset--spacing--30);padding-right:var(--wp--style--root--padding-right, var(--wp--custom--gap--horizontal));padding-bottom:var(--wp--preset--spacing--30);padding-left:var(--wp--style--root--padding-left, var(--wp--custom--gap--horizontal))"><!-- wp:group {"tagName":"header","metadata":{"name":"Contents"},"align":"wide","style":{"spacing":{"margin":{"top":"0","bottom":"0"},"blockGap":"var:preset|spacing|40"}},"layout":{"type":"flex","flexWrap":"nowrap","justifyContent":"space-between"}} -->
<header class="wp-block-group alignwide" style="margin-top:0;margin-bottom:0"><!-- wp:group {"className":"grow  md:grow-0","style":{"layout":{"selfStretch":"fixed","flexSize":"25%"}},"layout":{"type":"flex","flexWrap":"nowrap","justifyContent":"left"}} -->
<div class="wp-block-group grow md:grow-0"><!-- wp:site-title /--></div>
<!-- /wp:group -->

<!-- wp:navigation {"ref":16,"className":"order-1 md:order-0","style":{"layout":{"selfStretch":"fit","flexSize":null}},"layout":{"type":"flex","justifyContent":"center"}} /-->

<!-- wp:group {"className":"grow md:grow-0","style":{"spacing":{"blockGap":"var:preset|spacing|20"},"layout":{"selfStretch":"fixed","flexSize":"25%"}},"layout":{"type":"flex","flexWrap":"nowrap","justifyContent":"right"}} -->
<div class="wp-block-group grow md:grow-0"><!-- wp:social-links {"className":"is-style-logos-only","style":{"spacing":{"blockGap":{"left":"8px"}}},"layout":{"type":"flex","flexWrap":"nowrap"}} -->
<ul class="wp-block-social-links is-style-logos-only"><!-- wp:social-link {"service":"linkedin"} /-->

<!-- wp:social-link {"service":"github"} /--></ul>
<!-- /wp:social-links --></div>
<!-- /wp:group --></header>
<!-- /wp:group --></div>
<!-- /wp:group -->

<!-- wp:media-text {"align":"full","mediaId":24,"mediaLink":"https://josuegualotuna7.wordpress.com/spooky-night-background-with-full-moon/","mediaType":"image","imageFill":true} -->
<div class="wp-block-media-text alignfull is-stacked-on-mobile is-image-fill-element"><figure class="wp-block-media-text__media"><img src="https://josuegualotuna7.wordpress.com/wp-content/uploads/2025/01/dark-landscape.jpg?w=784" alt="" class="wp-image-24 size-full" style="object-position:50% 50%" /></figure><div class="wp-block-media-text__content"><!-- wp:cover {"overlayColor":"background","isUserOverlayColor":true,"minHeight":95,"minHeightUnit":"vh","className":"is-light"} -->
<div class="wp-block-cover is-light" style="min-height:95vh"><span aria-hidden="true" class="wp-block-cover__background has-background-background-color has-background-dim-100 has-background-dim"></span><div class="wp-block-cover__inner-container"><!-- wp:image {"id":23,"width":"220px","height":"auto","aspectRatio":"1","sizeSlug":"large","linkDestination":"none","align":"center","className":"is-style-rounded"} -->
<figure class="wp-block-image aligncenter size-large is-resized is-style-rounded"><img src="https://josuegualotuna7.wordpress.com/wp-content/uploads/2025/01/josue-gualotuna.png?w=769" alt="" class="wp-image-23" style="aspect-ratio:1;width:220px;height:auto" /></figure>
<!-- /wp:image -->

<!-- wp:heading {"textAlign":"center","level":1,"style":{"elements":{"link":{"color":{"text":"var:preset|color|primary"}}}},"textColor":"primary"} -->
<h1 class="wp-block-heading has-text-align-center has-primary-color has-text-color has-link-color"><strong>Josue Gualotuña</strong></h1>
<!-- /wp:heading -->

<!-- wp:paragraph {"align":"left","backgroundColor":"background"} -->
<p class="has-text-align-left has-background-background-color has-background"><strong>Me caracterizo por acoplarme fácilmente en un nuevo entorno laboral, me agrada trabajar con estilo, siempre busco aprender algo nuevo.</strong></p>
<!-- /wp:paragraph -->

<!-- wp:social-links {"align":"center","className":"is-style-default"} -->
<ul class="wp-block-social-links aligncenter is-style-default"><!-- wp:social-link {"url":"www.linkedin.com/in/josue-gualotuña-8b4a05348","service":"linkedin"} /-->

<!-- wp:social-link {"url":"https://github.com/JosuLDU","service":"github"} /--></ul>
<!-- /wp:social-links --></div></div>
<!-- /wp:cover --></div></div>
<!-- /wp:media-text -->

<!-- wp:paragraph -->
<p></p>
<!-- /wp:paragraph -->]]></content:encoded>
  <excerpt:encoded><![CDATA[]]></excerpt:encoded>
  <wp:post_id>18</wp:post_id>
  <wp:post_date>2025-01-27 11:41:24</wp:post_date>
  <wp:post_date_gmt>2025-01-27 16:41:24</wp:post_date_gmt>
  <wp:post_modified>2025-02-10 10:42:47</wp:post_modified>
  <wp:post_modified_gmt>2025-02-10 15:42:47</wp:post_modified_gmt>
  <wp:comment_status>closed</wp:comment_status>
  <wp:ping_status>closed</wp:ping_status>
  <wp:post_name>inicio</wp:post_name>
  <wp:status>publish</wp:status>
  <wp:post_parent>0</wp:post_parent>
  <wp:menu_order>0</wp:menu_order>
  <wp:post_type>page</wp:post_type>
  <wp:post_password/>
  <wp:is_sticky>0</wp:is_sticky>
  <wp:postmeta>
    <wp:meta_key>_tft_homepage_template</wp:meta_key>
    <wp:meta_value><![CDATA[pub/baker]]></wp:meta_value>
  </wp:postmeta>
  <wp:postmeta>
    <wp:meta_key>_publicize_pending</wp:meta_key>
    <wp:meta_value><![CDATA[1]]></wp:meta_value>
  </wp:postmeta>
  <wp:postmeta>
    <wp:meta_key>_elasticsearch_data_sharing_indexed_on</wp:meta_key>
    <wp:meta_value><![CDATA[2025-01-27 16:41:29]]></wp:meta_value>
  </wp:postmeta>
  <wp:postmeta>
    <wp:meta_key>_g_feedback_shortcode_afadb1e294f51e797e8d867145f0ed782a07820e</wp:meta_key>
    <wp:meta_value><![CDATA[
				[contact-field label="Nombre" type="name"  required="true" /]
				[contact-field label="Correo electrónico" type="email" required="true" /]
				[contact-field label="Web" type="url" /]
				[contact-field label="Mensaje" type="textarea" /]]]></wp:meta_value>
  </wp:postmeta>
  <wp:postmeta>
    <wp:meta_key>_g_feedback_shortcode_atts_afadb1e294f51e797e8d867145f0ed782a07820e</wp:meta_key>
    <wp:meta_value><![CDATA[a:17:{s:2:"to";s:21:"20020116j69@gmail.com";s:7:"subject";s:25:"[Josue Gualotuña] Inicio";s:12:"show_subject";s:2:"no";s:6:"widget";i:0;s:14:"block_template";N;s:19:"block_template_part";N;s:2:"id";i:18;s:18:"submit_button_text";s:6:"Enviar";s:14:"customThankyou";s:0:"";s:21:"customThankyouHeading";s:24:"Se ha enviado tu mensaje";s:21:"customThankyouMessage";s:24:"¡Gracias por tu envío!";s:22:"customThankyouRedirect";s:0:"";s:10:"jetpackCRM";b:1;s:9:"className";N;s:9:"postToUrl";N;s:14:"salesforceData";N;s:12:"hiddenFields";N;}]]></wp:meta_value>
  </wp:postmeta>
  <wp:postmeta>
    <wp:meta_key>_last_editor_used_jetpack</wp:meta_key>
    <wp:meta_value><![CDATA[block-editor]]></wp:meta_value>
  </wp:postmeta>
</item>
<item>
  <title><![CDATA[Blog]]></title>
  <link>https://josuegualotuna7.wordpress.com/blog/</link>
  <pubDate>Mon, 27 Jan 2025 16:41:26 +0000</pubDate>
  <dc:creator>20020116j69</dc:creator>
  <guid isPermaLink="false">https://josuegualotuna7.wordpress.com/blog/</guid>
  <description/>
  <content:encoded><![CDATA[]]></content:encoded>
  <excerpt:encoded><![CDATA[]]></excerpt:encoded>
  <wp:post_id>20</wp:post_id>
  <wp:post_date>2025-01-27 11:41:26</wp:post_date>
  <wp:post_date_gmt>2025-01-27 16:41:26</wp:post_date_gmt>
  <wp:post_modified>2025-01-27 11:41:26</wp:post_modified>
  <wp:post_modified_gmt>2025-01-27 16:41:26</wp:post_modified_gmt>
  <wp:comment_status>closed</wp:comment_status>
  <wp:ping_status>closed</wp:ping_status>
  <wp:post_name>blog</wp:post_name>
  <wp:status>publish</wp:status>
  <wp:post_parent>0</wp:post_parent>
  <wp:menu_order>0</wp:menu_order>
  <wp:post_type>page</wp:post_type>
  <wp:post_password/>
  <wp:is_sticky>0</wp:is_sticky>
  <wp:postmeta>
    <wp:meta_key>_tft_posts_page</wp:meta_key>
    <wp:meta_value><![CDATA[1]]></wp:meta_value>
  </wp:postmeta>
  <wp:postmeta>
    <wp:meta_key>_publicize_pending</wp:meta_key>
    <wp:meta_value><![CDATA[1]]></wp:meta_value>
  </wp:postmeta>
  <wp:postmeta>
    <wp:meta_key>_elasticsearch_data_sharing_indexed_on</wp:meta_key>
    <wp:meta_value><![CDATA[2025-01-27 16:41:29]]></wp:meta_value>
  </wp:postmeta>
</item>
<item>
  <title><![CDATA[image]]></title>
  <link>https://josuegualotuna7.wordpress.com/inicio/image/</link>
  <pubDate>Mon, 27 Jan 2025 16:45:01 +0000</pubDate>
  <dc:creator>20020116j69</dc:creator>
  <guid isPermaLink="false">http://josuegualotuna7.files.wordpress.com/2025/01/image.png</guid>
  <description/>
  <content:encoded><![CDATA[]]></content:encoded>
  <excerpt:encoded><![CDATA[]]></excerpt:encoded>
  <wp:post_id>22</wp:post_id>
  <wp:post_date>2025-01-27 11:45:01</wp:post_date>
  <wp:post_date_gmt>2025-01-27 16:45:01</wp:post_date_gmt>
  <wp:post_modified>2025-01-27 11:45:01</wp:post_modified>
  <wp:post_modified_gmt>2025-01-27 16:45:01</wp:post_modified_gmt>
  <wp:comment_status>open</wp:comment_status>
  <wp:ping_status>closed</wp:ping_status>
  <wp:post_name>image</wp:post_name>
  <wp:status>inherit</wp:status>
  <wp:post_parent>18</wp:post_parent>
  <wp:menu_order>0</wp:menu_order>
  <wp:post_type>attachment</wp:post_type>
  <wp:post_password/>
  <wp:is_sticky>0</wp:is_sticky>
  <wp:attachment_url>https://josuegualotuna7.wordpress.com/wp-content/uploads/2025/01/image.png</wp:attachment_url>
  <wp:postmeta>
    <wp:meta_key>_wp_attached_file</wp:meta_key>
    <wp:meta_value><![CDATA[/home/wpcom/public_html/wp-content/blogs.dir/3e7/241125747/files/2025/01/image.png]]></wp:meta_value>
  </wp:postmeta>
  <wp:postmeta>
    <wp:meta_key>_wp_attachment_metadata</wp:meta_key>
    <wp:meta_value><![CDATA[a:6:{s:5:"width";i:1202;s:6:"height";i:1600;s:4:"file";s:82:"/home/wpcom/public_html/wp-content/blogs.dir/3e7/241125747/files/2025/01/image.png";s:8:"filesize";i:875016;s:5:"sizes";a:0:{}s:10:"image_meta";a:12:{s:8:"aperture";s:1:"0";s:6:"credit";s:0:"";s:6:"camera";s:0:"";s:7:"caption";s:0:"";s:17:"created_timestamp";s:1:"0";s:9:"copyright";s:0:"";s:12:"focal_length";s:1:"0";s:3:"iso";s:1:"0";s:13:"shutter_speed";s:1:"0";s:5:"title";s:0:"";s:11:"orientation";s:1:"0";s:8:"keywords";a:0:{}}}]]></wp:meta_value>
  </wp:postmeta>
</item>
<item>
  <title><![CDATA[josue-gualotuña]]></title>
  <link>https://josuegualotuna7.wordpress.com/inicio/josue-gualotuna/</link>
  <pubDate>Mon, 27 Jan 2025 16:47:47 +0000</pubDate>
  <dc:creator>20020116j69</dc:creator>
  <guid isPermaLink="false">http://josuegualotuna7.files.wordpress.com/2025/01/josue-gualotuna.png</guid>
  <description/>
  <content:encoded><![CDATA[]]></content:encoded>
  <excerpt:encoded><![CDATA[]]></excerpt:encoded>
  <wp:post_id>23</wp:post_id>
  <wp:post_date>2025-01-27 11:47:47</wp:post_date>
  <wp:post_date_gmt>2025-01-27 16:47:47</wp:post_date_gmt>
  <wp:post_modified>2025-01-27 11:47:47</wp:post_modified>
  <wp:post_modified_gmt>2025-01-27 16:47:47</wp:post_modified_gmt>
  <wp:comment_status>open</wp:comment_status>
  <wp:ping_status>closed</wp:ping_status>
  <wp:post_name>josue-gualotuna</wp:post_name>
  <wp:status>inherit</wp:status>
  <wp:post_parent>18</wp:post_parent>
  <wp:menu_order>0</wp:menu_order>
  <wp:post_type>attachment</wp:post_type>
  <wp:post_password/>
  <wp:is_sticky>0</wp:is_sticky>
  <wp:attachment_url>https://josuegualotuna7.wordpress.com/wp-content/uploads/2025/01/josue-gualotuna.png</wp:attachment_url>
  <wp:postmeta>
    <wp:meta_key>_wp_attached_file</wp:meta_key>
    <wp:meta_value><![CDATA[/home/wpcom/public_html/wp-content/blogs.dir/3e7/241125747/files/2025/01/josue-gualotuna.png]]></wp:meta_value>
  </wp:postmeta>
  <wp:postmeta>
    <wp:meta_key>_wp_attachment_metadata</wp:meta_key>
    <wp:meta_value><![CDATA[a:6:{s:5:"width";i:1202;s:6:"height";i:1600;s:4:"file";s:92:"/home/wpcom/public_html/wp-content/blogs.dir/3e7/241125747/files/2025/01/josue-gualotuna.png";s:8:"filesize";i:875016;s:5:"sizes";a:0:{}s:10:"image_meta";a:12:{s:8:"aperture";s:1:"0";s:6:"credit";s:0:"";s:6:"camera";s:0:"";s:7:"caption";s:0:"";s:17:"created_timestamp";s:1:"0";s:9:"copyright";s:0:"";s:12:"focal_length";s:1:"0";s:3:"iso";s:1:"0";s:13:"shutter_speed";s:1:"0";s:5:"title";s:0:"";s:11:"orientation";s:1:"0";s:8:"keywords";a:0:{}}}]]></wp:meta_value>
  </wp:postmeta>
</item>
<item>
  <title><![CDATA[Spooky night background with full moon]]></title>
  <link>https://josuegualotuna7.wordpress.com/inicio/spooky-night-background-with-full-moon/</link>
  <pubDate>Mon, 27 Jan 2025 16:53:37 +0000</pubDate>
  <dc:creator>20020116j69</dc:creator>
  <guid isPermaLink="false">http://josuegualotuna7.files.wordpress.com/2025/01/dark-landscape.jpg</guid>
  <description/>
  <content:encoded><![CDATA[]]></content:encoded>
  <excerpt:encoded><![CDATA[Spooky night background with full moon illustration]]></excerpt:encoded>
  <wp:post_id>24</wp:post_id>
  <wp:post_date>2025-01-27 11:53:37</wp:post_date>
  <wp:post_date_gmt>2025-01-27 16:53:37</wp:post_date_gmt>
  <wp:post_modified>2025-01-27 11:53:37</wp:post_modified>
  <wp:post_modified_gmt>2025-01-27 16:53:37</wp:post_modified_gmt>
  <wp:comment_status>open</wp:comment_status>
  <wp:ping_status>closed</wp:ping_status>
  <wp:post_name>spooky-night-background-with-full-moon</wp:post_name>
  <wp:status>inherit</wp:status>
  <wp:post_parent>18</wp:post_parent>
  <wp:menu_order>0</wp:menu_order>
  <wp:post_type>attachment</wp:post_type>
  <wp:post_password/>
  <wp:is_sticky>0</wp:is_sticky>
  <wp:attachment_url>https://josuegualotuna7.wordpress.com/wp-content/uploads/2025/01/dark-landscape.jpg</wp:attachment_url>
  <wp:postmeta>
    <wp:meta_key>_wp_attached_file</wp:meta_key>
    <wp:meta_value><![CDATA[/home/wpcom/public_html/wp-content/blogs.dir/3e7/241125747/files/2025/01/dark-landscape.jpg]]></wp:meta_value>
  </wp:postmeta>
  <wp:postmeta>
    <wp:meta_key>_wp_attachment_metadata</wp:meta_key>
    <wp:meta_value><![CDATA[a:6:{s:5:"width";i:4124;s:6:"height";i:5389;s:4:"file";s:91:"/home/wpcom/public_html/wp-content/blogs.dir/3e7/241125747/files/2025/01/dark-landscape.jpg";s:8:"filesize";i:2840811;s:5:"sizes";a:0:{}s:10:"image_meta";a:12:{s:8:"aperture";s:1:"0";s:6:"credit";s:0:"";s:6:"camera";s:0:"";s:7:"caption";s:51:"Spooky night background with full moon illustration";s:17:"created_timestamp";s:1:"0";s:9:"copyright";s:0:"";s:12:"focal_length";s:1:"0";s:3:"iso";s:1:"0";s:13:"shutter_speed";s:1:"0";s:5:"title";s:38:"Spooky night background with full moon";s:11:"orientation";s:1:"0";s:8:"keywords";a:49:{i:0;s:9:"halloween";i:1;s:10:"silhouette";i:2;s:5:"night";i:3;s:5:"scene";i:4;s:10:"background";i:5;s:6:"horror";i:6;s:10:"background";i:7;s:6:"forest";i:8;s:3:"sky";i:9;s:4:"moon";i:10;s:9:"landscape";i:11;s:6:"spooky";i:12;s:7:"mystery";i:13;s:8:"darkness";i:14;s:7:"fantasy";i:15;s:6:"nature";i:16;s:9:"nightmare";i:17;s:8:"cemetery";i:18;s:6:"poster";i:19;s:9:"wallpaper";i:20;s:8:"twilight";i:21;s:8:"fullmoon";i:22;s:6:"creepy";i:23;s:4:"tree";i:24;s:8:"mountain";i:25;s:4:"dark";i:26;s:6:"shadow";i:27;s:5:"solid";i:28;s:5:"black";i:29;s:7:"scenery";i:30;s:7:"natural";i:31;s:7:"outside";i:32;s:7:"outdoor";i:33;s:9:"imaginary";i:34;s:11:"imagination";i:35;s:11:"environment";i:36;s:6:"design";i:37;s:8:"backdrop";i:38;s:12:"illustration";i:39;s:6:"vector";i:40;s:3:"EPS";i:41;s:7:"cartoon";i:42;s:7:"graphic";i:43;s:7:"drawing";i:44;s:7:"clipart";i:45;s:8:"clip art";i:46;s:5:"image";i:47;s:7:"picture";i:48;s:8:"clip-art";}}}]]></wp:meta_value>
  </wp:postmeta>
</item>
<item>
  <title><![CDATA[6b095cf3-7090-4520-931c-f4f5ec5618d5]]></title>
  <link>https://josuegualotuna7.wordpress.com/about/6b095cf3-7090-4520-931c-f4f5ec5618d5/</link>
  <pubDate>Mon, 10 Feb 2025 15:47:07 +0000</pubDate>
  <dc:creator>20020116j69</dc:creator>
  <guid isPermaLink="false">http://josuegualotuna7.files.wordpress.com/2025/02/6b095cf3-7090-4520-931c-f4f5ec5618d5.jpg</guid>
  <description/>
  <content:encoded><![CDATA[]]></content:encoded>
  <excerpt:encoded><![CDATA[]]></excerpt:encoded>
  <wp:post_id>35</wp:post_id>
  <wp:post_date>2025-02-10 10:47:07</wp:post_date>
  <wp:post_date_gmt>2025-02-10 15:47:07</wp:post_date_gmt>
  <wp:post_modified>2025-02-10 10:47:07</wp:post_modified>
  <wp:post_modified_gmt>2025-02-10 15:47:07</wp:post_modified_gmt>
  <wp:comment_status>open</wp:comment_status>
  <wp:ping_status>closed</wp:ping_status>
  <wp:post_name>6b095cf3-7090-4520-931c-f4f5ec5618d5</wp:post_name>
  <wp:status>inherit</wp:status>
  <wp:post_parent>1</wp:post_parent>
  <wp:menu_order>0</wp:menu_order>
  <wp:post_type>attachment</wp:post_type>
  <wp:post_password/>
  <wp:is_sticky>0</wp:is_sticky>
  <wp:attachment_url>https://josuegualotuna7.wordpress.com/wp-content/uploads/2025/02/6b095cf3-7090-4520-931c-f4f5ec5618d5.jpg</wp:attachment_url>
  <wp:postmeta>
    <wp:meta_key>_wp_attached_file</wp:meta_key>
    <wp:meta_value><![CDATA[/home/wpcom/public_html/wp-content/blogs.dir/3e7/241125747/files/2025/02/6b095cf3-7090-4520-931c-f4f5ec5618d5.jpg]]></wp:meta_value>
  </wp:postmeta>
  <wp:postmeta>
    <wp:meta_key>_wp_attachment_metadata</wp:meta_key>
    <wp:meta_value><![CDATA[a:6:{s:5:"width";i:512;s:6:"height";i:512;s:4:"file";s:113:"/home/wpcom/public_html/wp-content/blogs.dir/3e7/241125747/files/2025/02/6b095cf3-7090-4520-931c-f4f5ec5618d5.jpg";s:8:"filesize";i:30152;s:5:"sizes";a:0:{}s:10:"image_meta";a:12:{s:8:"aperture";s:1:"0";s:6:"credit";s:0:"";s:6:"camera";s:0:"";s:7:"caption";s:0:"";s:17:"created_timestamp";s:1:"0";s:9:"copyright";s:0:"";s:12:"focal_length";s:1:"0";s:3:"iso";s:1:"0";s:13:"shutter_speed";s:1:"0";s:5:"title";s:0:"";s:11:"orientation";s:1:"0";s:8:"keywords";a:0:{}}}]]></wp:meta_value>
  </wp:postmeta>
</item>
<item>
  <title><![CDATA[jg]]></title>
  <link>https://josuegualotuna7.wordpress.com/about/jg/</link>
  <pubDate>Mon, 10 Feb 2025 15:51:54 +0000</pubDate>
  <dc:creator>20020116j69</dc:creator>
  <guid isPermaLink="false">http://josuegualotuna7.files.wordpress.com/2025/02/jg.png</guid>
  <description/>
  <content:encoded><![CDATA[]]></content:encoded>
  <excerpt:encoded><![CDATA[]]></excerpt:encoded>
  <wp:post_id>38</wp:post_id>
  <wp:post_date>2025-02-10 10:51:54</wp:post_date>
  <wp:post_date_gmt>2025-02-10 15:51:54</wp:post_date_gmt>
  <wp:post_modified>2025-02-10 10:51:54</wp:post_modified>
  <wp:post_modified_gmt>2025-02-10 15:51:54</wp:post_modified_gmt>
  <wp:comment_status>open</wp:comment_status>
  <wp:ping_status>closed</wp:ping_status>
  <wp:post_name>jg</wp:post_name>
  <wp:status>inherit</wp:status>
  <wp:post_parent>1</wp:post_parent>
  <wp:menu_order>0</wp:menu_order>
  <wp:post_type>attachment</wp:post_type>
  <wp:post_password/>
  <wp:is_sticky>0</wp:is_sticky>
  <wp:attachment_url>https://josuegualotuna7.wordpress.com/wp-content/uploads/2025/02/jg.png</wp:attachment_url>
  <wp:postmeta>
    <wp:meta_key>_wp_attached_file</wp:meta_key>
    <wp:meta_value><![CDATA[/home/wpcom/public_html/wp-content/blogs.dir/3e7/241125747/files/2025/02/jg.png]]></wp:meta_value>
  </wp:postmeta>
  <wp:postmeta>
    <wp:meta_key>_wp_attachment_metadata</wp:meta_key>
    <wp:meta_value><![CDATA[a:6:{s:5:"width";i:1202;s:6:"height";i:1600;s:4:"file";s:79:"/home/wpcom/public_html/wp-content/blogs.dir/3e7/241125747/files/2025/02/jg.png";s:8:"filesize";i:875016;s:5:"sizes";a:0:{}s:10:"image_meta";a:12:{s:8:"aperture";s:1:"0";s:6:"credit";s:0:"";s:6:"camera";s:0:"";s:7:"caption";s:0:"";s:17:"created_timestamp";s:1:"0";s:9:"copyright";s:0:"";s:12:"focal_length";s:1:"0";s:3:"iso";s:1:"0";s:13:"shutter_speed";s:1:"0";s:5:"title";s:0:"";s:11:"orientation";s:1:"0";s:8:"keywords";a:0:{}}}]]></wp:meta_value>
  </wp:postmeta>
</item>
<item>
  <title><![CDATA[]]></title>
  <link>https://josuegualotuna7.wordpress.com/42-2/</link>
  <pubDate>Mon, 10 Feb 2025 16:41:50 +0000</pubDate>
  <dc:creator>20020116j69</dc:creator>
  <guid isPermaLink="false">https://josuegualotuna7.wordpress.com/?page_id=42</guid>
  <description/>
  <content:encoded><![CDATA[<!-- wp:group {"metadata":{"name":"Contact"},"align":"full","style":{"spacing":{"margin":{"top":"0","bottom":"0"},"padding":{"top":"var:preset|spacing|50","bottom":"var:preset|spacing|50"}}},"layout":{"type":"constrained","justifyContent":"center"}} -->
<div class="wp-block-group alignfull" style="margin-top:0;margin-bottom:0;padding-top:var(--wp--preset--spacing--50);padding-bottom:var(--wp--preset--spacing--50)"><!-- wp:columns {"align":"wide"} -->
<div class="wp-block-columns alignwide"><!-- wp:column {"verticalAlignment":"center","width":""} -->
<div class="wp-block-column is-vertically-aligned-center"><!-- wp:heading {"fontSize":"x-large"} -->
<h2 class="wp-block-heading has-x-large-font-size">Contacto</h2>
<!-- /wp:heading -->

<!-- wp:paragraph {"className":"is-contact-description"} -->
<p class="is-contact-description">Servicios de Marketing Digital Freelance</p>
<!-- /wp:paragraph -->

<!-- wp:spacer {"height":"calc( 0.25 * var(\u002d\u002dwp\u002d\u002dstyle\u002d\u002droot\u002d\u002dpadding-right, var(\u002d\u002dwp\u002d\u002dcustom\u002d\u002dgap\u002d\u002dhorizontal)))"} -->
<div style="height:calc( 0.25 * var(--wp--style--root--padding-right, var(--wp--custom--gap--horizontal)))" aria-hidden="true" class="wp-block-spacer"></div>
<!-- /wp:spacer -->

<!-- wp:jetpack/contact-form {"subject":"","to":"","className":"is-style-default","textColor":"primary","style":{"elements":{"link":{"color":{"text":"var:preset|color|primary"}}}}} -->
<div class="wp-block-jetpack-contact-form is-style-default has-primary-color has-text-color has-link-color"><!-- wp:jetpack/field-name {"label":"Nombre","required":true,"borderRadius":5,"borderWidth":1} /-->

<!-- wp:jetpack/field-email {"label":"Correo electrónico","required":true,"borderRadius":5,"borderWidth":1} /-->

<!-- wp:jetpack/field-textarea {"label":"Mensaje","borderRadius":5,"borderWidth":1} /-->

<!-- wp:jetpack/button {"element":"button","text":"Enviar","width":"","lock":{"remove":true}} /--></div>
<!-- /wp:jetpack/contact-form --></div>
<!-- /wp:column -->

<!-- wp:column -->
<div class="wp-block-column"><!-- wp:image {"lightbox":{"enabled":false},"id":13699,"aspectRatio":"3/4","scale":"cover","sizeSlug":"full","linkDestination":"none"} -->
<figure class="wp-block-image size-full"><img src="https://dotcompatterns.files.wordpress.com/2024/01/paint-tall.jpg" alt="" class="wp-image-13699" style="aspect-ratio:3/4;object-fit:cover" /></figure>
<!-- /wp:image --></div>
<!-- /wp:column --></div>
<!-- /wp:columns --></div>
<!-- /wp:group -->]]></content:encoded>
  <excerpt:encoded><![CDATA[]]></excerpt:encoded>
  <wp:post_id>42</wp:post_id>
  <wp:post_date>2025-02-10 11:41:50</wp:post_date>
  <wp:post_date_gmt>2025-02-10 16:41:50</wp:post_date_gmt>
  <wp:post_modified>2025-02-10 11:41:50</wp:post_modified>
  <wp:post_modified_gmt>2025-02-10 16:41:50</wp:post_modified_gmt>
  <wp:comment_status>closed</wp:comment_status>
  <wp:ping_status>closed</wp:ping_status>
  <wp:post_name>42-2</wp:post_name>
  <wp:status>publish</wp:status>
  <wp:post_parent>0</wp:post_parent>
  <wp:menu_order>0</wp:menu_order>
  <wp:post_type>page</wp:post_type>
  <wp:post_password/>
  <wp:is_sticky>0</wp:is_sticky>
  <wp:postmeta>
    <wp:meta_key>_g_feedback_shortcode_352b1c63ae92e8d291586e5b9644cd07b81b38ef</wp:meta_key>
    <wp:meta_value><![CDATA[
				[contact-field label="Nombre" type="name"  required="true" /]
				[contact-field label="Correo electrónico" type="email" required="true" /]
				[contact-field label="Web" type="url" /]
				[contact-field label="Mensaje" type="textarea" /]]]></wp:meta_value>
  </wp:postmeta>
  <wp:postmeta>
    <wp:meta_key>_g_feedback_shortcode_atts_352b1c63ae92e8d291586e5b9644cd07b81b38ef</wp:meta_key>
    <wp:meta_value><![CDATA[a:17:{s:2:"to";s:21:"20020116j69@gmail.com";s:7:"subject";s:19:"[Josue Gualotuña] ";s:12:"show_subject";s:2:"no";s:6:"widget";i:0;s:14:"block_template";N;s:19:"block_template_part";N;s:2:"id";i:42;s:18:"submit_button_text";s:6:"Enviar";s:14:"customThankyou";s:0:"";s:21:"customThankyouHeading";s:24:"Se ha enviado tu mensaje";s:21:"customThankyouMessage";s:24:"¡Gracias por tu envío!";s:22:"customThankyouRedirect";s:0:"";s:10:"jetpackCRM";b:1;s:9:"className";N;s:9:"postToUrl";N;s:14:"salesforceData";N;s:12:"hiddenFields";N;}]]></wp:meta_value>
  </wp:postmeta>
  <wp:postmeta>
    <wp:meta_key>_last_editor_used_jetpack</wp:meta_key>
    <wp:meta_value><![CDATA[block-editor]]></wp:meta_value>
  </wp:postmeta>
  <wp:postmeta>
    <wp:meta_key>_publicize_pending</wp:meta_key>
    <wp:meta_value><![CDATA[1]]></wp:meta_value>
  </wp:postmeta>
  <wp:postmeta>
    <wp:meta_key>advanced_seo_description</wp:meta_key>
    <wp:meta_value><![CDATA[]]></wp:meta_value>
  </wp:postmeta>
  <wp:postmeta>
    <wp:meta_key>jetpack_seo_html_title</wp:meta_key>
    <wp:meta_value><![CDATA[]]></wp:meta_value>
  </wp:postmeta>
  <wp:postmeta>
    <wp:meta_key>jetpack_seo_noindex</wp:meta_key>
    <wp:meta_value><![CDATA[]]></wp:meta_value>
  </wp:postmeta>
  <wp:postmeta>
    <wp:meta_key>_jetpack_post_was_ever_published</wp:meta_key>
    <wp:meta_value><![CDATA[]]></wp:meta_value>
  </wp:postmeta>
  <wp:postmeta>
    <wp:meta_key>reader_suggested_tags</wp:meta_key>
    <wp:meta_value><![CDATA[]]></wp:meta_value>
  </wp:postmeta>
  <wp:postmeta>
    <wp:meta_key>_starter_page_template</wp:meta_key>
    <wp:meta_value><![CDATA[contact-tall-image-with-form]]></wp:meta_value>
  </wp:postmeta>
  <wp:postmeta>
    <wp:meta_key>_wpcom_template_layout_category</wp:meta_key>
    <wp:meta_value><![CDATA[a:1:{i:0;s:7:"contact";}]]></wp:meta_value>
  </wp:postmeta>
  <wp:postmeta>
    <wp:meta_key>footnotes</wp:meta_key>
    <wp:meta_value><![CDATA[]]></wp:meta_value>
  </wp:postmeta>
  <wp:postmeta>
    <wp:meta_key>_g_feedback_shortcode_ab41f91a6a713829941b45360cf2a824a2d1e94c</wp:meta_key>
    <wp:meta_value><![CDATA[
<div class="wp-block-jetpack-contact-form is-style-default has-primary-color has-text-color has-link-color">[contact-field label="Nombre" required="1" borderRadius="5" borderWidth="1" type="name"/]

[contact-field label="Correo electrónico" required="1" borderRadius="5" borderWidth="1" type="email"/]

[contact-field label="Mensaje" borderRadius="5" borderWidth="1" type="textarea"/]

<div class="wp-block-jetpack-button wp-block-button" style="width: ;"><button class="wp-block-button__link" style="" data-id-attr="placeholder" type="submit">Enviar</button></div></div>
]]></wp:meta_value>
  </wp:postmeta>
  <wp:postmeta>
    <wp:meta_key>_g_feedback_shortcode_atts_ab41f91a6a713829941b45360cf2a824a2d1e94c</wp:meta_key>
    <wp:meta_value><![CDATA[a:17:{s:2:"to";s:0:"";s:7:"subject";s:0:"";s:12:"show_subject";s:2:"no";s:6:"widget";i:0;s:14:"block_template";N;s:19:"block_template_part";N;s:2:"id";i:42;s:18:"submit_button_text";s:6:"Enviar";s:14:"customThankyou";s:0:"";s:21:"customThankyouHeading";s:24:"Se ha enviado tu mensaje";s:21:"customThankyouMessage";s:24:"¡Gracias por tu envío!";s:22:"customThankyouRedirect";s:0:"";s:10:"jetpackCRM";b:1;s:9:"className";s:61:"is-style-default wp-elements-153637ff03439d10402d20ec7f2a0fb8";s:9:"postToUrl";N;s:14:"salesforceData";N;s:12:"hiddenFields";N;}]]></wp:meta_value>
  </wp:postmeta>
  <wp:postmeta>
    <wp:meta_key>_elasticsearch_data_sharing_indexed_on</wp:meta_key>
    <wp:meta_value><![CDATA[2025-02-10 16:32:43]]></wp:meta_value>
  </wp:postmeta>
</item>
  </channel>
</rss>
